[
  {
    "id": 1,
    "titulo": "Noticia 1",
    "descripcion": "Descripcion noticia 1",
    "url": "",
    "image": "https://www.ecestaticos.com/imagestatic/clipping/dfd/996/dfd996d0c22dd7e69412274972f5598d/por-que-nos-parece-que-los-perros-sonrien-una-historia-de-30-000-anos.jpg?mtime=1558346796"
  },
  {
    "id": 2,
    "titulo": "Noticia 2",
    "descripcion": "Descripcion noticia 2",
    "url": "",
    "image": "https://images2.minutemediacdn.com/image/upload/c_crop,h_1193,w_2121,x_0,y_64/f_auto,q_auto,w_1100/v1565279671/shape/mentalfloss/578211-gettyimages-542930526.jpg"
  },
  {
    "id": 3,
    "titulo": "Noticia 3",
    "descripcion": "Descripcion noticia 3",
    "url": "",
    "image": "https://ca-times.brightspotcdn.com/dims4/default/9ba9d95/2147483647/strip/true/crop/599x287+0+0/resize/840x402!/quality/90/?url=https%3A%2F%2Fca-times.brightspotcdn.com%2F16%2F9e%2F6b5ec21ae0aedf322980da804767%2Fla-xpm-photo-2013-aug-20-la-ol-lyme-disease-lizard-20130820"
  },
  {
    "id": 4,
    "titulo": "Noticia 4",
    "descripcion": "Descripcion noticia 4",
    "url": "",
    "image": "https://cdn.theatlantic.com/assets/media/img/mt/2017/10/Pict1_Ursinia_calendulifolia/lead_720_405.jpg?mod=1533691909"
  },
  {
    "id": 5,
    "titulo": "Noticia 5",
    "descripcion": "Descripcion noticia 5",
    "url": "",
    "image": "https://concepto.de/wp-content/uploads/2015/03/paisaje-e1549600034372.jpg"
  },
  {
    "id": 6,
    "titulo": "Noticia 6",
    "descripcion": "Descripcion noticia 6",
    "url": "",
    "image": "https://st3.idealista.com/news/archivos/styles/news_detail/public/2018-11/casa_prefabricada.jpg?sv=pX_Hqy9d&itok=kCOtbqgQ"
  }
]

https://api.myjson.com/bins/s80td